smiles,OR52W1,OR14J1,OR1G1,OR52J3,OR52I1,OR52H1,OR11H4,OR13C5,OR2T2,OR52D1,OR5AN1,OR4E2,OR51T1,OR51B5,OR52A5,OR5M11,OR52N5,OR52K2,OR1J4,OR56B4,OR10J5,OR4A16,ORT2T,OR8H2,OR2J1,OR10G6,OR2C3,OR4Q3,OR6P1,OR2S2,OR10A4,OR51E1,OR8H3, OR10G4,OR13C9,OR13C2,OR8K3,OR52K1,OR2M7,OR52L1,OR52L2,OR5A1,OR2J2,OR2T4,OR2AT4,OR1OS1,OR2M2,OR1D2,OR5AC2,OR2Y1,OR2W1,OR5D13,OR2T10,OR2G2,OR1A1,OR5K2,OR2AG1,OR5K1,OR2A25,OR2B11,OR52B2,OR2B2,OR8B3,OR8B2,OR1K1,OR5AV1,OR10S1,OR10G3,OR52A1,OR11h6,OR51E2,OR2M4,OR11A1,OR1A2,OR2M3,OR13A1
CSCCC=O,0.989,0.989,0.987,0.983,0.975,0.975,0.973,0.971,0.97,0.969,,,,,,,,,,,,,,,,,,,,,,,,,,,,,,,,,,,,,,,,,,,,,,,,,,,,,,,,,,,,,,,,,,
CCC(C)C=O,0.928,0.875,0.98,0.855,,0.873,,0.727,0.691,0.737,0.598,0.521,,,,,,,,,,,,,,,,,,,,,,,,,,,,,,,,,,,,,,,,,,,,,,,,,,,,,,,,,,,,,,,,
CC(=O)C(C)=O,,,,,,,,,,,,,0.928,0.921,0.914,0.89,0.882,0.866,0.842,0.796,0.785,0.749,,,,,,,,,,,,,,,,,,,,,,,,,,,,,,,,,,,,,,,,,,,,,,,,,,,,,,
CCCCC/C=C/C=C/C=O,0.979,0.841,0.972,0.945,,0.952,,,,0.842,0.81,0.829,,,,,,,,,,,0.898,0.679,,,,,,,,,,,,,,,,,,,,,,,,,,,,,,,,,,,,,,,,,,,,,,,,,,,,
CC1OC(=C(O)C1=O)C,0.968,,,0.944,,,,,0.938,,,,,,,,,,,,,,,,0.983,0.968,0.966,0.961,0.953,0.94,0.936,,,,,,,,,,,,,,,,,,,,,,,,,,,,,,,,,,,,,,,,,,,,,
CCCCCC=O,0.995,0.981,0.987,0.991,,0.981,0.975,,,,0.972,0.982,,,,,,,,,,,0.987,0.971,,,,,,,,,,,,,,,,,,,,,,,,,,,,,,,,,,,,,,,,,,,,,,,,,,,,
CC1OC(=O)C(=C1C)O,0.643,,,,,0.543,,,,,,,,,,,,,,,,,,,,,,,,,,,,,,,,,,,,,,,,,,,,,,,,,,,,,,,,,,,,,,,,,,,,,,
CCCCCC(=O)C=C,0.989,0.956,0.971,0.982,,0.954,0.973,,0.974,,,0.973,,,,,,,,,,,,0.956,0.98,,,,,,,,,,,,,,,,,,,,,,,,,,,,,,,,,,,,,,,,,,,,,,,,,,,
CC(O)=O,0.952,0.953,0.96,0.9,0.784,0.92,,0.839,0.807,0.837,,,,,,,,,,,,,,,,,,,,,,0.81,,,,,,,,,,,,,,,,,,,,,,,,,,,,,,,,,,,,,,,,,,,,
CC=O,0.952,0.953,0.96,0.9,0.784,0.92,,0.839,0.807,0.837,,,,,,,,,,,,,,,,,,,,,,0.81,,,,,,,,,,,,,,,,,,,,,,,,,,,,,,,,,,,,,,,,,,,,
CCOC(=O)C(C)CC,0.994,,0.981,0.989,,0.975,,,0.986,,0.973,0.984,,,,,,,,,,,,0.975,0.987,,,0.974,,,,,,,,,,,,,,,,,,,,,,,,,,,,,,,,,,,,,,,,,,,,,,,,
CCCCCC\C=C\C=O,0.993,,0.983,0.986,,0.967,0.972,,0.982,,,0.982,,,,,,,,,,,,0.977,0.986,,,,,,,,0.973,,,,,,,,,,,,,,,,,,,,,,,,,,,,,,,,,,,,,,,,,,,
COC1=C(C=CC(=C1)C=O)O,0.999,0.997,,0.998,,,0.998,,0.998,,,0.998,,,,,,,,,,,,0.997,0.999,,,0.999,,,,,,0.997,,,,,,,,,,,,,,,,,,,,,,,,,,,,,,,,,,,,,,,,,,
CC(=O)C1=NCCC1,,0.528,,,,,,,,,,,,,,,,,,,,0.66,,,,,,,,,,0.564,,0.711,0.629,0.623,,,,,,,,,,,,,,,,,,,,,,,,,,,,,,,,,,,,,,,,
CCC(C)C(O)=O,,,,,,,,,,,,,0.843,0.932,0.775,0.872,,0.875,0.755,0.733,,,,,,,,,,,,,,,,,0.796,0.761,0.757,,,,,,,,,,,,,,,,,,,,,,,,,,,,,,,,,,,,,
CCCC(O)=O,0.959,0.952,0.966,0.892,,0.933,,0.777,0.839,0.804,0.742,0.752,,,,,,,,,,,,,,,,,,,,,,,,,,,,,,,,,,,,,,,,,,,,,,,,,,,,,,,,,,,,,,,,
CC(C)=CCCC(C)(O)C=C,0.973,,,0.962,,,0.97,,,,,,,,,,,,,,,,,0.981,0.952,,,,,,,,,,,,,,,0.975,0.974,0.97,0.954,0.954,0.954,,,,,,,,,,,,,,,,,,,,,,,,,,,,,,,
C/C=C/C(=O)C1=C(C)C=CCC1(C)C,0.947,,,,,,0.963,,,,,,,0.971,,,,,,0.949,,,,,,,,,,,,,,,,,0.976,,,0.975,0.972,0.982,,,0.951,,,,,,,,,,,,,,,,,,,,,,,,,,,,,,,
CCCC(=O)OCC,0.992,,0.981,0.987,,0.962,,,0.977,,0.957,0.971,,,,,,,,,,,,0.965,0.975,,,,,,,,0.958,,,,,,,,,,,,,,,,,,,,,,,,,,,,,,,,,,,,,,,,,,,
CC\C=C/CC=O,0.993,,0.983,0.989,,0.974,0.954,,0.983,0.957,0.966,0.973,,,,,,,,,,,,0.968,,,,,,,,,,,,,,,,,,,,,,,,,,,,,,,,,,,,,,,,,,,,,,,,,,,,
COC1=CC=CC=C1O,0.992,,0.978,0.987,,,0.972,,0.984,,,0.985,,,,,,,,,,,,,0.987,,,0.978,,0.974,0.971,,,,,,,,,,,,,,,,,,,,,,,,,,,,,,,,,,,,,,,,,,,,,
CC(C)C=O,0.916,0.968,0.926,0.825,0.772,0.852,,0.889,0.727,0.705,,,,,,,,,,,,,,,,,,,,,,0.849,,,,,,,,,,,,,,,,,,,,,,,,,,,,,,,,,,,,,,,,,,,,
CCCCCC1C(O1)C=CC=O,0.971,0.737,0.928,0.963,,0.898,0.771,,0.923,0.762,0.798,0.864,,,,,,,,,,,,,,,,,,,,,,,,,,,,,,,,,,,,,,,,,,,,,,,,,,,,,,,,,,,,,,,,
C1=CC=C(C=C1)CCO,,,0.804,,,,,,,,,,0.818,0.923,,0.871,,0.862,,,,,,,,,,,,,,,,,,,0.893,0.788,0.787,,,,,,,0.813,0.788,,,,,,,,,,,,,,,,,,,,,,,,,,,,,
C1=CC=C(C=C1)CC=O,,,0.689,0.687,,,,,,,,,0.654,0.893,,0.749,,0.741,,,,,,,,,,,,,,,,,,,0.844,0.719,0.687,,,,,,,,0.693,,,,,,,,,,,,,,,,,,,,,,,,,,,,,
CCOC(=O)C(C)C,0.994,,0.98,0.989,,0.974,,,0.985,,0.971,0.984,,,,,,,,,,,,0.974,0.986,,,0.975,,,,,,,,,,,,,,,,,,,,,,,,,,,,,,,,,,,,,,,,,,,,,,,,
CCCC\C=C\C=C\C=O,0.964,,0.928,0.953,,,0.909,,0.906,,,0.863,,,,,,,,,,,,0.874,0.937,,,,,,,,,,,,,,,,0.877,,,,,,,,,0.869,,,,,,,,,,,,,,,,,,,,,,,,,,
CCC1=NC=C(N=C1C)C,0.993,0.958,0.978,0.986,,0.978,,,0.984,,0.961,0.979,,,,,,,,,,,,,,,,0.96,,,,,,0.951,,,,,,,,,,,,,,,,,,,,,,,,,,,,,,,,,,,,,,,,,,
CSSSC,0.918,0.965,0.939,0.858,0.818,0.877,,0.9,,0.768,,,,,,,,,,,,,,,,,,,,,,0.861,,,,,,,,,,,,,,,,,,,,,,,,,0.781,,,,,,,,,,,,,,,,,,,
C1=CC=C(C=C1)CC(=O)O,0.958,,,0.936,,,,,,,,,,0.988,,0.948,,0.974,,0.936,,,,,,,,,,,,,,,,,0.994,0.938,0.957,,,,,0.953,,,0.961,,,,,,,,,,,,,,,,,,,,,,0.957,,,,,,,
CC\C=C/CC(=O)C=C,,,0.863,,,0.834,,,0.871,,,0.84,,,,,,,,,,,,,0.907,0.895,0.861,,,,,,,,,,,,,,,,,,,,,,,0.859,,,,,,,,,,,,,,,,,,,,,,,,,,
CCC1=NC=C(N=C1CC)C,0.988,0.827,0.971,0.966,,0.969,,,0.951,0.864,0.921,0.925,,,,,,,,,,,,0.794,,,,,,,,,,,,,,,,,,,,,,,,,,,,,,,,,,,,,,,,,,,,,,,,,,,,
CCCCCC(=O)OCC,0.978,0.987,0.971,0.976,0.976,,0.983,0.983,,,,,,,,,,,,,,,,,,,,,,,,0.988,,,,,,,,,,,,,,,,,,,,,,,,,0.975,,,,,,,,,,,,,0.967,,,,,,
CC/C=C/CC\C=C\C=O,0.982,,0.949,0.972,,0.927,,,0.95,,0.913,0.94,,,,,,,,,,,,0.868,0.864,,0.874,,,,,,,,,,,,,,,,,,,,,,,,,,,,,,,,,,,,,,,,,,,,,,,,,
C1=COC(=C1)CS,,0.95,0.658,,0.769,,0.609,0.936,,,,,,,,,,,,,,,,,,,,,,,,0.939,,,,0.856,,,,,,,,,,,,,,,,,,,,,0.774,,,,,,,,,,,,,0.794,0.689,,,,,
CC(C)C1=NC=CN=C1OC,,,,,,,,,,,,,,,,,,,,,,,,,,,,,,,,,,,,,,,,,,,,,,,,,,,,,,,,,,,,,,,,,,,,,,,,,,,,
CC(C)CCO,0.723,0.85,0.851,0.564,,0.619,,0.779,,,,,,,,,,,,,,,,,,,,,,,,0.634,,,,,,,,,,0.531,,,,,,,,,,,,,,,,,,,,,,,,,,,,,,,,,,
CCCCCC\C=C/C=O,0.995,,0.985,0.988,,,,,0.987,,,0.988,,,,,,,,,,,,0.981,0.99,,0.978,0.979,,,,,0.979,,,,,,,,,,,,,,,,,,,,,,,,,,,,,,,,,,,,,,,,,,,
CSC,0.959,0.976,0.964,0.926,0.879,0.931,,0.923,0.868,0.876,,,,,,,,,,,,,,,,,,,,,,0.893,,,,,,,,,,,,,,,,,,,,,,,,,,,,,,,,,,,,,,,,,,,,
COC1=C(C=CC(=C1)C=C)O,0.998,,,0.996,,,,,0.996,,,0.996,,,,,,,,,,,,,0.999,0.997,0.998,0.998,0.997,,0.995,,,,,,,,,,,,,,,,,,,,,,,,,,,,,,,,,,,,,,,,,,,,,
CS,0.911,0.958,0.935,0.847,0.771,0.868,,0.874,0.742,0.75,,,,,,,,,,,,,,,0.973,,,,,,,0.826,,,,,,,,,,,,,,,,,,,,,,,,,,,,,,,,,,,,,,,,,,,,
CCC(=O)C(C)=O,0.992,,0.969,0.986,,0.961,,,0.975,,0.952,0.954,,,,,,,,,,,,0.958,,,,,,,,,0.934,,,,,,,,,,,,,,,,,,,,,,,,,,,,,,,,,,,,,,,,,,,
CCCCCC1CCCC(=O)O1,0.994,,0.986,0.987,,0.973,,,0.98,,0.969,0.978,,,,,,,,,,,,0.972,0.978,,,,,,,,,,,,,,,,,,,,,,,,,,0.966,,,,,,,,,,,,,,,,,,,,,,,,,
CC/C=C/CCC=O,0.989,,0.97,0.981,,0.954,,,0.972,,0.947,0.967,,,,,,,,,,,,0.952,0.973,,,0.949,,,,,,,,,,,,,,,,,,,,,,,,,,,,,,,,,,,,,,,,,,,,,,,,
CCCCC[C@H]1CCC(=O)O1,,,,,,,,0.667,,,,,,,,,,,,,,,,,,,,,,,,0.807,,,0.564,0.526,,,,,,,,,,,,,,,,,,,,,,,,,,,,,,,,,,,,,,,,
CCCCCCCC=O,0.992,,0.979,0.986,,0.963,,,0.979,,0.96,0.975,,,,,,,,,,,,0.968,0.976,,,,,,,,0.963,,,,,,,,,,,,,,,,,,,,,,,,,,,,,,,,,,,,,,,,,,,
CCC1=CC(=C(C=C1)O)OC,,,,,,,,,,,,,,,,,,,,,,,,,,,,,,,,,,,,,,,,,,,,,,,,,,,,,,,,,,,,,,,,,,,,,,,,,,,,
CCCCCC(=O)C(C)C(=O)C,0.96,,0.923,0.956,,0.841,0.903,,0.88,,,,,0.826,,,,,,,,,,,,,,,,,,,,,,,,,,,,0.864,,,0.805,,,,,,,,,,,,,,,,,,,,,,,,,,,0.804,,,,
CC(=O)OCCC1=CC=CC=C1,0.991,,0.979,0.986,,,,,0.967,0.966,,,,,,,,,,,,,,,,,,,,,,,,,,,,0.974,,,0.974,,,,,,,,,0.972,0.973,,,,0.985,,,,,,,,,,,,,,,,,,,,,
CCO,0.98,0.943,0.973,0.973,,0.95,0.852,,0.94,0.923,0.889,0.889,,,,,,,,,,,,,,,,,,,,,,,,,,,,,,,,,,,,,,,,,,,,,,,,,,,,,,,,,,,,,,,,
CC1=CCC2CC1C2(C)C,0.982,,0.967,0.976,,0.932,0.93,,0.959,,0.923,0.944,,,,,,,,,,,,0.936,,,,,,,,,0.922,,,,,,,,,,,,,,,,,,,,,,,,,,,,,,,,,,,,,,,,,,,
CC(C)CC1=NC=CN=C1OC,0.937,,0.908,0.898,,0.847,,,0.741,0.541,0.659,0.517,,,,,,,,,,,,,,,,,,,,,,,,,,,,,,,,,,,,,,,,,,,,,,,,,,,,,,,,,,,,,,,,
CC(=O)C1=NCCS1,,,0.514,,,,,0.623,,,,,,,,,,,,,,0.726,,,,,,,,,,,,,0.66,0.586,,,,,,,,,,,,,,,,,,,,,,,,,,,,,,,,,,,,,,,,
CCCCCCCC(=O)OCC,0.987,,0.966,0.973,,,,,0.956,,,0.95,,,,,,,,,,,,0.939,0.966,0.944,,,,,,,,,,,,,,,,,,,,,,,,0.949,0.947,,,,,,,,,,,,,,,,,,,,,,,,,
CC(C)=CCCC(=C)C=C,0.988,0.961,0.982,0.986,,0.963,0.967,,0.966,0.949,,0.944,,,,,,,,,,,,0.947,,,,,,,,,,,,,,,,,,,,,,,,,,,,,,,,,,,,,,,,,,,,,,,,,,,,
CCCCC\C=C/C=C/C=O,0.952,0.809,0.958,0.876,,0.912,,,0.78,0.733,0.643,0.65,,,,,,,,,,,,,,,,,,,,,,,,,,,,,,,,,,,,,,,,,,,,,,,,,,,,,,,,,,,,,,,,
COC1=C(C=CC(=C1)CC=C)O,0.998,,,0.995,,,,,0.996,,,0.996,,,,,,,,,,,,0.992,0.998,0.992,0.996,0.996,0.994,,,,,,,,,,,,,,,,,,,,,,,,,,,,,,,,,,,,,,,,,,,,,,,
CCCCCCC1CCC(=O)O1,0.99,,0.983,0.983,,0.962,,,0.97,,0.955,0.962,,,,,,,,,,,,0.959,0.957,,,,,,,,,,,,,,,,,,,,,,,,,,0.963,,,,,,,,,,,,,,,,,,,,,,,,,
CCC=O,0.971,0.949,0.966,0.964,,0.927,0.895,0.884,0.905,0.914,0.85,,,,,,,,,,,,,,,,,,,,,,,,,,,,,,,,,,,,,,,,,,,,,,,,,,,,,,,,,,,,,,,,,
CC(=C)C1CCC(=CC1)C,0.96,,0.978,0.937,,0.904,,,,0.868,,,,,,,,,,,,,,,,,,,,,,,,,,,,0.924,,,,,,,,,,,,,0.907,,,,,0.929,,0.953,,,,,,,,,0.848,,,,,,,,,
CC(C)CCOC(C)=O,0.975,,0.955,0.969,,0.911,,,0.943,,0.902,0.926,,,,,,,,,,,,0.883,,,,,,0.867,,,,,,,,,,,,,,,,,,,,,,,,0.936,,,,,,,,,0.874,,,,,,,,,,,,,
CCCC[C@H]1OC(=O)C[C@H]1C,0.936,,,0.874,,,,,0.846,,,,,,,,,,,,,,,,0.938,0.928,0.879,,0.832,,,,,,,,,,,,,,,,,,,,0.855,,,,0.888,,,,,,,,,,,,,,,,,,,,,,,
CCCCCCCCC1CCC(=O)O1,0.964,,0.956,0.968,,0.891,0.871,,0.875,0.859,0.793,,,,,,,,,,,,,0.802,,,,,,,,,,,,,,,,,,,,,,,,,,,,,,,,,,,,,,,,,,,,,,,,,,,,
CCCCCC(O)=O,0.991,0.957,0.976,0.985,,0.96,0.98,,0.976,,,0.962,,,,,,,,,,,,0.967,0.978,,,,,,,,,,,,,,,,,,,,,,,,,,,,,,,,,,,,,,,,,,,,,,,,,,,
CC(=O)/C=C/C1=C(C)CCCC1(C)C,,,,,,,,,,,,,0.711,0.888,0.64,0.672,0.547,0.664,0.559,0.652,,,,,,,,,,,,,,,,,,0.577,0.544,,,,,,,,,,,,,,,,,,,,,,,,,,,,,,,,,,,,,
CC1=C(C=CO1)S,0.986,0.985,0.98,0.982,,0.968,0.956,0.966,0.969,0.958,,0.965,,,,,,,,,,,,,,,,,,,,,,,,,,,,,,,,,,,,,,,,,,,,,,,,,,,,,,,,,,,,,,,,
CC1=CC=C(C=C1)O,0.966,,0.908,0.933,,,,,0.922,,,0.932,,,,,,,,,,,,,0.934,0.95,0.909,,0.9,,,,,,,,,,,,,,,,,,,,,,,,0.91,,,,,,,,,,,,,,,,,,,,,,,
CCC(C)C1=NC=CN=C1OC,0.949,,0.905,0.898,,0.882,,,0.77,0.548,0.724,0.577,,,,,,,,,,,,,,,,,,,,,,,,,,,,,,,,,,,,,,,,,,,,,,,,,,,,,,,,,,,,,,,,
CCCCCCCCC=O,0.992,,0.982,0.986,,0.965,,,0.978,,,0.968,,,,,,,,,,,,0.972,0.976,,,,,,,,0.966,,,,,,,,,,,,,,,,,,0.968,,,,,,,,,,,,,,,,,,,,,,,,,
CCC1OC(=C(O)C1=O)C,0.987,,0.965,0.982,,0.942,0.957,,0.962,0.929,,0.936,,,,,,,,,,,,0.948,0.968,,,,,,,,,,,,,,,,,,,,,,,,,,,,,,,,,,,,,,,,,,,,,,,,,,,
CCOC(C)OCC,,,0.574,0.533,,,,,,,,,0.63,0.837,0.527,0.693,,0.636,,,,,,,,,,,,,,,,,,,0.653,0.553,0.554,,,,,,,,,,,,,,,,,,,,,,,,,,,,,,,,,,,,,
C1=CC=C(C=C1)C(=O)CN,,,,,,,,,,,,,,0.99,0.941,0.951,,0.969,,,,,,,,,,,,,,,,,,,0.993,,0.967,,,,,0.971,,,0.968,,0.944,,,,,,,,,,,,,,,,,,,,0.97,,,,,,,
CCC(C)C(=O)OC,,,,,,,,,,,,,,,,,,,,,,,,,,,,,,,,,,,,,,,,,,,,,,,,,,,,,,,,,,,,,,,,,,,,,,,,,,,,
CC\C=C/CCO,0.991,0.972,0.979,0.988,,0.969,0.974,,0.978,0.956,,0.969,,,,,,,,,,,,0.954,,,,,,,,,,,,,,,,,,,,,,,,,,,,,,,,,,,,,,,,,,,,,,,,,,,,
CC1=CNC2=CC=CC=C12,0.985,,0.948,0.954,,0.93,,,0.918,,0.927,0.838,,,,,,,,,,,,,,,,,,,,,,,,,,,,,,,,,,,,,,0.847,,,,,,,,,,,,,0.858,0.843,,,,,,,,,,,,
CC(C)C(O)=O,0.932,0.931,0.941,0.904,0.78,0.861,0.84,0.851,,0.846,,,,,,,,,,,,,,,,,,,,,,0.841,,,,,,,,,,,,,,,,,,,,,,,,,,,,,,,,,,,,,,,,,,,,
CCCCCCCCCC=O,0.988,,0.969,0.978,,,,,0.959,,,0.952,,,,,,,,,,,,0.946,0.97,,0.943,,,,,,,,,,,,,,,,,,,,,,,0.956,0.955,,,,,,,,,,,,,,,,,,,,,,,,,
CCCCC\C=C/CC1CCC(=O)O1,,0.65,,,,,,0.92,,,,,,,,,,,,,,,,,,,,,,,,0.917,,,0.763,0.838,,,,,,,,,,,,,,,,,,,,,0.666,,,,,,,,,,,,,,,,,,,
CC(C)=CCC\C(C)=C\CO,0.515,,0.751,,,,,,,,,,,0.536,,,,,,,,,,,,,,,,,,,,,,,,,,,,,,,,,,,,,,,,,,,,,,,,,,,,,,,,,,,,,,
CCC=CCC=CCC=O,0.994,,0.983,0.989,,0.969,,,0.982,,,0.977,,,,,,,,,,,,0.974,0.988,0.969,,,,,,,0.968,,,,,,,,,,,,,,,,,,,,,,,,,,,,,,,,,,,,,,,,,,,
CCC=CC=CC=CC=O,0.99,,0.963,0.973,,,,,0.971,,,0.971,,,,,,,,,,,,,0.982,0.973,0.969,0.958,0.959,,,,,,,,,,,,,,,,,,,,,,,,,,,,,,,,,,,,,,,,,,,,,,,
CCCCCCCCCC(O)=O,0.938,,0.821,0.889,,,,,0.86,,,0.862,,,,,,,,,,,,,0.909,0.903,0.848,,0.819,,,,,,,,,,,,,,,,,,,,,,,,0.865,,,,,,,,,,,,,,,,,,,,,,,
COC1=C(C=CC(=C1)CC=C)O,0.998,,,0.995,,,,,0.996,,,0.996,,,,,,,,,,,,0.992,0.998,0.992,0.996,0.996,0.994,,,,,,,,,,,,,,,,,,,,,,,,,,,,,,,,,,,,,,,,,,,,,,,
CCCCCCO,0.994,0.973,0.987,0.989,,0.976,0.977,,0.984,,0.971,0.977,,,,,,,,,,,,0.977,,,,, ,,,,,,,,,,,,,,,,,,,,,,,,,,,,,,,,,,,,,,,,,,,,,,,
CCC(C)CO,0.804,0.796,0.899,0.637,,0.723,,0.625,,,,,,,,,,,,,,,,,,,,,,,,,,,,,,,,,,,,,,,,,,,,,,,,,,,,,,,,,,,,,,,,,,,,
CCCCCC1=CC=CC=N1,0.973,0.938,0.962,0.971,,0.928,0.905,,0.934,0.907,0.865,0.877,,0.631,,,,,,,,,,,,,,,,,,,,,,,,,,,,,,,,,,,,,,,,,,,,,,,,,,,,,,,,,,,,,,
CC12CCC(CC1)C(C)(C)O2,0.747,,0.777,0.775,,0.545,,,,,,,,,,,,,,,,,,,,,,,,,,,,,,,,,,,,,,,,,,,,,,,,,,,,,,,,,,,,,,,,,,,0.788,,,
CCC(S)C(C)=O,,,0.625,,,,,,,,,,0.745,0.85,0.644,0.757,,0.733,0.615,0.675,,,,,,,,,,,,,,,,,0.873,0.589,,0.579,,,,,,,,,,,,,,,,,,,,,,,,,,,,,,,,,,,,
CC1C2CCC(=CC2OC1=O)C,0.94,,0.906,0.905,,,,,,,,,,,,,,,,,,,,,,,,,,,,,,,,,,0.81,,,,,,0.87,,,,,0.916,0.922,0.831,,,,0.839,,,,,,,,,,,,,,,,,,,,,
CCC1=NC(=CN=C1C)C,0.906,0.751,0.894,0.794,,0.829,,,0.665,0.552,,0.536,,,,,,,,,,,,,,,,,,,,,,,,,,,,,,,,,,,,,,,,,,,,,,,,,,,,,,,,,,,,,,,,
CCC1=CC(=CC=C1)O,0.976,0.878,0.97,0.973,,0.938,0.797,,0.917,0.901,0.864,0.826,,,,,,,,,,,,,,,,,,,,,,,,,,,,,,,,,,,,,,,,,,,,,,,,,,,,,,,,,,,,,,,,
CCC/C=C/C=O,0.993,,0.982,0.988,,0.966,0.973,,0.982,,,0.972,,,,,,,,,,,,0.974,0.985,,,,,,,,0.969,,,,,,,,,,,,,,,,,,,,,,,,,,,,,,,,,,,,,,,,,,,
CSCCCO,0.899,0.975,0.938,0.814,0.852,0.866,,0.926,,,,,,,,,,,,,,,,,,,,,,,,0.884,,,,0.78,,,,,,,,,,,,,,,,,,,,,0.826,,,,,,,,,,,,,,,,,,,
CCCCCCCC(O)=O,0.983,,0.943,0.971,,,,,0.947,,,,,,,,,,,,,,,,0.977,0.956,0.944,,0.928,,,,,,,,,,,,,,,,,,,,0.932,0.95,,,,,,,,,,,,,,,,,,,,,,,,,,
CC1=CN=C(C(=N1)C)C,0.975,,0.919,0.948,,0.915,,,0.937,,0.91,0.918,,,,,,,,,,,,,,,,0.796,,,,,,,,,,,,,,,,,,,,,,,,,,,,,,,,,,,0.806,0.783,,,,,,,,,,,,
CCCCCCCC1CCCC(=O)O1,0.977,,0.966,0.975,,0.917,,,,,,,,,,,,,,,,,,,,,,,,,,,,,,,,0.944,,0.943,0.954,,,,,,,,,,0.918,,,,,,,0.93,,,,,,,,,,,,,,,,0.919,,
COC1=CC=C(C=C1)CC=C,0.997,,,0.993,,,,,0.992,,,0.991,,,,,,,,,,,,0.989,0.998,0.992,0.995,0.993,0.993,,,,,,,,,,,,,,,,,,,,,,,,,,,,,,,,,,,,,,,,,,,,,,,
CC1=C(C=CO1)SSC,0.984,0.972,0.975,0.984,,0.956,0.967,0.948,0.965,0.943,,0.953,,,,,,,,,,,,,,,,,,,,,,,,,,,,,,,,,,,,,,,,,,,,,,,,,,,,,,,,,,,,,,,,
CCCCO,0.945,0.939,0.957,0.915,,0.887,0.759,0.888,0.781,0.86,,,,,,,,,,,,,,,,,,,,,,0.842,,,,,,,,,,,,,,,,,,,,,,,,,,,,,,,,,,,,,,,,,,,,
CCCCC(O)=O,0.995,,0.985,0.991,,0.976,0.982,,0.987,,0.972,0.979,,,,,,,,,,,,0.979,0.98,,,,,,,,,,,,,,,,,,,,,,,,,,,,,,,,,,,,,,,,,,,,,,,,,,,
CCC1=CC=C(C=C1)O,0.996,,0.987,0.993,,0.983,0.987,,0.99,,,0.989,,,,,,,,,,,,0.984,0.99,,,0.982,,,,,,,,,,,,,,,,,,,,,,,,,,,,,,,,,,,,,,,,,,,,,,,,
CC=CC1=CC=C(C=C1)OC,0.977,,0.946,0.961,,0.917,,,0.924,,0.884,0.895,,,,,,,,,,,,,,0.943,,,,0.862,,,,,,,,,,,,,,,,,,,,,,,,,,,,,,,,,0.872,,,,,,,,,,,,,
CC1=CC(=C(C=C1)OC)O,0.938,0.991,0.956,,0.968,0.911,,0.986,,,,,,,,,,,,,,,,,,,,,,,,0.987,,,,0.958,,,,,,,,,,,,,,,,,,,,,0.967,,,,,,,,,,,,,0.932,,,,,,
COC1=CC=C(C=C1)C=O,0.995,,0.981,0.992,,0.983,0.987,,0.991,,,0.984,,,,,,,,,,,,0.983,0.987,,,0.988,,,,,,,,,,,,,,,,,,,,,,,,,,,,,,,,,,,,,,,,,,,,,,,,
CCCC(=O)OC,0.994,,0.984,0.988,,0.97,,,0.982,,0.965,0.976,,,,,,,,,,,,0.973,0.974,,,,,,,,0.967,,,,,,,,,,,,,,,,,,,,,,,,,,,,,,,,,,,,,,,,,,,
CC(C)CO,0.94,0.948,0.962,0.891,0.752,0.909,,0.874,0.769,0.841,,,,,,,,,,,,,,,,,,,,,,0.822,,,,,,,,,,,,,,,,,,,,,,,,,,,,,,,,,,,,,,,,,,,,
COC1=CC(=CC2=C1OCO2)CC=C,0.951,,,0.914,,,,,0.906,,,0.905,,,,,,,,,,,,,0.961,0.941,0.922,0.912,0.898,0.874,,,,,,,,,,,,,,,,,,,,,,,,,,,,,,,,,,,,,,,,,,,,,,
CCCC1CC=CC(=O)O1,0.972,,0.94,0.962,,,,,0.94,,,0.942,,,,,,,,,,,,,0.93,0.927,,0.916,0.914,0.916,,,,,,,,,,,,,,,,,,,,,,,,,,,,,,,,,,,,,,,,,,,,,,
C1=CC=C(C=C1)CCS,,,0.823,,,,,,,,,,,0.928,,0.855,,0.88,,,,,,,,,,,,,,,,,,,0.949,0.839,,,,,,,,,,,,,,,,,,0.841,,0.845,,,,,,,,,0.898,,0.816,,,,,,,
CCC(=O)C1=NCCC1,0.986,0.932,0.974,0.981,,0.96,0.925,,0.962,0.936,,0.925,,,,,,,,,,,,0.922,,,,,,,,,,,,,,,,,,,,,,,,,,,,,,,,,,,,,,,,,,,,,,,,,,,,
C1=CC=C(C=C1)C=CCO,,,,,,,,,,,,,0.765,0.936,,0.83,,0.825,,0.756,,,,,,,,,,,,,,,,,0.921,0.769,0.808,,,,,,,,0.824,,,,,,,,,,,,,,,,,,,,,,0.824,,,,,,,
CC(=O)C1=NC=CN=C1,0.571,,0.677,,,,,,,,,,,,,,,,,,,,,,,,,,,,,,,,,,,,,,,,,,,,,,,,,,,,,,,,,,,,,,,,,,,,,,,,,
CC(=O)C1=CCCCN1,,0.771,0.713,,,,,0.808,,,,,,,,,,,,,,0.735,,,,,,,,,,0.689,,,0.67,0.735,,,,,,,,,,,,,,,,,,,,,,,,,0.534,,,,,,,,,0.502,,,,,,
CCOC(=O)C1CCCCC1,0.981,0.941,0.976,0.981,,0.949,0.925,,0.952,0.923,0.917,0.914,,,,,,,,,,,,,,,,,,,,,,,,,,,,,,,,,,,,,,,,,,,,,,,,,,,,,,,,,,,,,,,,
CCC1OC(=O)C(=C1C)O,0.973,0.92,0.941,0.968,,0.908,0.953,,0.945,,,0.932,,,,,,,,,,,,0.883,0.902,,,,,,,,,,,,,,,,,,,,,,,,,,,,,,,,,,,,,,,,,,,,,,,,,,,
CCCCCCOC(C)=O,0.992,,0.975,0.985,,,,,0.976,,,0.966,,,,,,,,,,,,0.968,0.989,0.976,0.973,,0.966,,,,,,,,,,,,,,,,,,,,,,,,,,,,,,,,,,,,,,,,,,,,,,,
CCC(C)C(C(=O)O)O,0.768,,0.805,0.833,,,,,,,,,,0.837,,0.715,,,,,,,,,,,,,,,,,,,,,0.812,0.722,,,,,,,,,,,,,,,,,,0.706,,0.715,,,,,,,,,0.734,,,,,,,,,
CC(C)C=CS,0.994,0.977,0.986,0.99,,0.976,0.983,,0.985,,,0.978,,,,,,,,,,,,0.973,0.975,,,,,,,,,,,,,,,,,,,,,,,,,,,,,,,,,,,,,,,,,,,,,,,,,,,
CC(C)(S)CCOC=O,0.973,0.918,0.968,0.972,,0.92,0.921,,0.915,0.903,,,,,,,,,,,,,,0.885,,,,,,,,,,,,,,,,,,,,,,,,,,,,,,,,,,0.883,,,,,,,,,,,,,,,,,,
CC(C)CCCCCCCCCCC=O,0.701,0.751,0.903,0.661,,,,0.745,,,,,0.65,,,,,,0.604,0.699,,,,,,,,,,,,0.718,,,,,,,,0.65,,,,,,,,,,,,,,,,,,,,,,,,,,,,,,,,,,,,
 CCCC(S)CCO,0.994,,0.983,0.99,,0.973,0.983,,0.983,0.967,,0.97,,,,,,,,,,,,0.974,0.974,,,,,,,,,,,,,,,,,,,,,,,,,,,,,,,,,,,,,,,,,,,,,,,,,,,
CCCC(S)CCOC(C)=O,0.987,,0.97,0.983,,0.944,0.954,,0.961,0.917,0.913,0.919,,,,,,,,,,,,0.933,,,,,,,,,,,,,,,,,,,,,,,,,,,,,,,,,,,,,,,,,,,,,,,,,,,,
CSSSSC,0.928,0.955,0.94,0.884,0.761,0.888,,0.854,0.799,0.785,,,,,,,,,,,,,,,,,,,,,,0.8,,,,,,,,,,,,,,,,,,,,,,,,,,,,,,,,,,,,,,,,,,,,
C=CC1=CC=C(C=C1)O,0.983,0.919,0.944,0.97,,0.944,,,0.969,,0.928,0.969,,,,,,,,,,,,0.907,,,0.931,,,,,,,,,,,,,,,,,,,,,,,,,,,,,,,,,,,,,,,,,,,,,,,,,
CCCC\C=C\C=O,0.986,,0.952,0.974,,,,,0.961,,,0.956,,,,,,,,,,,,0.978,,0.95,0.954,0.941,0.946,,,,,,,,,,,,,,,,,,,,,,,,,,,,,,,,,,,,,,,,,,,,,,,
CC\C=C/CCOC(C)=O,0.979,,0.957,0.976,,0.923,0.877,,0.946,0.873,0.884,0.909,,,,,,,,,,,,0.861,,,,,,,,,,,,,,,,,,,,,,,,,,,,,,,,,,,,,,,,,,,,,,,,,,,,
CC(=C)C1=CC=C(C)CC1,0.988,,0.975,0.982,,0.958,,,0.953,0.89,0.933,0.854,,,,,,,,,,,,0.849,,,,,,,,,,,,,,,,,,,,,,,,0.847,,,,,,,,,,,,,,,,,,,,,,,,,,,,
COC1=C(C)OC(C)C1=O,0.989,,,0.983,,,0.987,,0.982,,,,,,,,,,,,,,,,0.994,,0.982,0.988,0.983,0.984,0.982,,,,,,,,,,,,,,,,,,,,,,,,,,,,,,,,,,,,,,,,,,,,,
CC1=CC=C(C=C1)C(=O)C,0.963,,0.907,0.945,,,,,0.876,,,,,,,,,,,,,,,0.899,,0.915,,,,,,,,,,,,,,,,,,,,,,,0.946,0.944,0.871,0.86,,,,,,,,,,,,,,,,,,,,,,,,
CC1=CC=C(C=C1)C(=C)C,0.966,,0.909,0.93,,,,,,,,,,,,,,,,,,,,,,0.952,,,,,,,,,,,,,,,,,,,,,,,0.956,0.964,0.92,,0.958,0.921,0.919,,,,,,,,,,,,,,,,,,,,,
CCCCC1CCC(=O)O1,0.958,,0.859,0.921,,,,,0.888,,,0.884,,,,,,,,,,,,,0.931,0.913,0.88,,0.849,,,,,,,,,,,,,,,,,,,,,,,,0.874,,,,,,,,,,,,,,,,,,,,,,,
CC(=C)[C@@H]1CC=C(C)C(=O)C1,0.996,,0.987,0.991,,,0.989,,0.987,,,,,,,,,,,,,,,0.989,0.997,0.989,0.99,,,,,,0.986,,,,,,,,,,,,,,,,,,,,,,,,,,,,,,,,,,,,,,,,,,,
CCCCCC(O)C=C,0.98,0.955,0.961,0.974,,0.931,0.967,,0.95,,,0.936,,,,,,,,,,,,0.927,0.947,,,,,,,,,,,,,,,,,,,,,,,,,,,,,,,,,,,,,,,,,,,,,,,,,,,
CC(C)[C@@H]1CCC(=C)C=C1,0.829,,0.906,0.858,,,,,,,,,,0.929,,0.796,,0.886,,0.832,,,,,,,,,,,,,,,,,0.907,0.935,,,,,,,,,,,,,,,,,,0.778,,,,,,,,,,,,,,,,,,,,
CCC(=O)C(C)S,0.989,,0.974,0.983,,0.953,,,0.968,0.927,0.941,0.927,,,,,,,,,,,,0.948,,,,,,,,,0.918,,,,,,,,,,,,,,,,,,,,,,,,,,,,,,,,,,,,,,,,,,,
CCCCCCC[C@H]1CCC(=O)O1,0.916,0.974,0.981,,0.875,0.854,,0.952,,,,,,,,,,,,,,,,,,,,,,,,0.886,,,,0.875,,,,,,,,,,,,,,,,,,,,,0.891,0.853,,,,,,,,,,,,,,,,,,
CCCCCCC\C=C\C=O,0.976,,0.924,0.949,,0.899,,,0.926,,,0.92,,,,,,,,,,,,,0.924,0.964,0.924,,0.901,,,,,,,,,,,,,,,,,,,,,,,,,,,,,,,,,,,,,,,,,,,,,,,
CCCC=CCCCCC=O,0.993,,0.98,0.987,,,,,0.979,,,0.973,,,,,,,,,,,,0.97,0.987,0.973,0.97,0.965,,,,,,,,,,,,,,,,,,,,,,,,,,,,,,,,,,,,,,,,,,,,,,,,
CCOC(=O)/C=C/C1=CC=CC=C1,0.997,,0.993,0.994,,0.987,0.987,,0.991,,,0.985,,,,,,,,,,,,0.99,0.991,,,0.682,,,,,0.985,0.757,,,,,,,,,,,,,,,,,,,,,,,,,,,,,,,,,,,,,,,,,,
CCOC(=O)C(C(C)C)O,0.977,,0.912,0.945,,0.921,,,0.916,,0.862,0.867,,,,,,,,,,,,0.635,,,,,,,,,,,,,,,,,,,,,,,,,,,,,,,,,,,,,,,,,,,,,,,,,,,,
CCCCC(=O)OCC,0.986,0.981,0.972,0.985,0.965,,,0.97,0.971,,,,,,,,,,,,,,,,0.983,,,,,,,0.981,,,,,,,,,,,,,,,,,,,,,,,,,,,,,,,,,,,,,,,,,,,,
CC1(C2CCC(C2)(C1=O)C)C,0.927,,,,,,,,,,,,,0.939,,,,,,,,,,,,,,,,,,,,,,,0.981,,,,,,0.985,,,,,,0.972,0.946,,,,,0.934,,,,0.951,0.948,0.944,,,,,,,,,,,,,,,
CCCCCC(C)O,0.992,0.974,0.979,0.985,,,0.985,,0.981,,,0.98,,,,,,,,,,,,0.974,0.993,0.992,,0.972,,,,,,,,,,,,,,,,,,,,,,,,,,,,,,,,,,,,,,,,,,,,,,,,
CC1=CC(=C(C=C1)O)OC,0.994,0.98,0.982,0.99,,,0.99,,0.988,,,0.986,,,,,,,,,,,,0.983,,,,0.985,,,,,,,,,,,,,,,,,,,,,,,,,,,,,,,,,,,,,,,,,,,,,,,,
COC(=O)/C=C/C1=CC=CC=C1,0.988,,,0.968,,0.938,,,0.961,,0.927,,,,,,,,,,,,,,0.977,0.957,,0.919,0.929,,,,,,,0.967,,,,,,,,,,,,,,,,,,,,,,,,,,,,,,,,,,,,,,,,
CCCSSSC,0.982,0.928,0.973,0.977,,0.953,,,0.949,0.923,0.903,0.902,,,,,,,,,,,,0.866,,,,,,,,,,,,,,,,,,,,,,,,,,,,,,,,,,,,,,,,,,,,,,,,,,,,
CC(=O)CC(C)(C)S,0.866,0.626,0.922,0.848,,0.715,,0.613,,0.565,,,,0.613,,0.565,,,,0.56,,,,,,,,,,,,,,,,,,,,,,,,,,,,,,,,,,,,,,,,,,,,,,,,,,,,,,,,
CC/C=C/CC\C=C\CO,0.985,,0.965,0.979,,0.94,,,0.962,,0.931,0.959,,,,,,,,,,,,0.926,0.936,,,,,0.934,,,,,,,,,,,,,,,,,,,,,,,,,,,,,,,,,,,,,,,,,,,,,,
CCCCC\C=C/C=O,0.991,,0.982,0.988,,0.965,0.956,,0.974,0.945,0.949,0.952,,,,,,,,,,,,0.957,,,,,,,,,,,,,,,,,,,,,,,,,,,,,,,,,,,,,,,,,,,,,,,,,,,,
CCC(=O)C=C,0.992,0.886,0.982,0.973,,0.979,,,0.97,0.928,0.943,0.939,,,,,,,,,,,,0.891,,,,,,,,,,,,,,,,,,,,,,,,,,,,,,,,,,,,,,,,,,,,,,,,,,,,
CC(C)[C@H]1CC=C(C)C=C1,,,,,,,,,,,,,0.901,0.947,0.867,0.916,,0.889,0.871,0.89,,,,,,,,,,,,,,,,,,,0.842,0.903,0.881,,,,,,,,,,,,,,,,,,,,,,,,,,,,,,,,,,,
CC(C)[C@@H]1CC=C(C)C=C1,,,,,,,,,,,,,0.676,0.874,0.592,0.681,,0.732,,0.601,,,,0.964,,,,,,,,,,,,,0.766,0.681,0.553,,,,,,,,0.558,,,,,,,,,,,,,,,,,,,,,,,,,,,,,
CC1(C)C2CCC(=C)C1C2,0.964,,0.96,0.943,,0.896,,,0.813,,0.867,,,,,,,,,,,,,,,,,,,,,,,,,,,,,,,,,,,,,0.859,,,0.91,,,,,0.826,,0.885,,,,,,,,,,,,,,,,,,
CCC(O)=O,0.606,0.86,0.7,,,,,,0.729,,,,,,,,,,,,,,,,,,,,,,,0.629,,,,,,,,,,,,,,,,,,,,,,,,,,,,,,,,,,,,,,,,,,,,
CCCCC\C=C/C=C/C=C,0.994,0.967,0.99,0.99,,0.98,0.964,,0.98,0.972,0.96,,,,,,,,,,,,,0.964,,,,,,,,,,,,,,,,,,,,,,,,,,,,,,,,,,,,,,,,,,,,,,,,,,,,
CCCSSSCCC,0.993,,0.982,0.988,,0.969,0.965,,0.981,,0.963,0.973,,,,,,,,,,,,0.971,0.969,,,,,,,,,,,,,,,,,,,,,,,,,,,,,,,,,,,,,,,,,,,,,,,,,,,
CCOC(C)=O,0.987,0.954,0.981,0.981,,0.968,,,0.965,0.942,0.931,0.938,,,,,,,,,,,,0.875,,,,,,,,,,,,,,,,,,,,,,,,,,,,,,,,,,,,,,,,,,,,,,,,,,,,
CCCC(O)CC(=O)OCC,0.97,,0.897,0.945,,0.872,,,0.905,,,0.893,,,,,,,,,,,,,0.917,0.92,0.9,,,,,,,,,,,,,,,,,,,,,,,0.86,,,,,,,,,,,,,,,,,,,,,,,,,,
CCC(C)C(=O)C=CC,,,,,,,,0.757,,,,,0.831,,0.769,,0.777,,0.735,,0.718,0.805,,,,,,,,,,0.729,,,0.725,,,,,,,,,,,,,,,,,,,,,,,,,,,0.73,,,,,,,,,,,,,,
CCCCC(=O)C=C,0.99,0.977,0.979,0.986,,0.962,0.984,,0.971,0.96,,,,,,,,,,,,,,0.96,0.967,,,,,,,,,,,,,,,,,,,,,,,,,,,,,,,,,,,,,,,,,,,,,,,,,,,
CC(O)C(C)=O,0.984,,0.96,0.976,,0.937,0.953,,0.959,,0.919,0.933,,,,,,,,,,,,0.938,0.951,,,,,,,,,,,,,,,,,,,,,,,,,,,,,,,,,,,,,,,,,,,,,,,,,,,
C/C=C/C1=CC(=C(C=C1)O)OC,0.991,,0.948,0.974,,0.96,,,0.974,,0.935,0.964,,,,,,,,,,,,0.857,,,,0.914,,,,,,0.915,,,,,,,,,,,,,,,,,,,,,,,,,,,,,,,,,,,,,,,,,,
CC1=C(O)C(=O)C=CO1,0.927,,,0.777,,0.629,,,0.617,,0.639,,,,,,,,,,,,,,,0.893,0.665,,,,,,,,,,,,,,,,,,,,,,,0.738,,,0.796,0.679,,,,,,,,,,,,,,,,,,,,,,
CSCSC,0.978,0.975,0.976,0.965,0.883,0.953,,0.909,0.937,0.931,,0.899,,,,,,,,,,,,,,,,,,,,,,,,,,,,,,,,,,,,,,,,,,,,,,,,,,,,,,,,,,,,,,,,
COC1=C(C=C(C=C1)CC=C)OC,0.998,0.995,0.994,0.996,,0.994,,,0.996,,,0.997,,,,,,,,,,,,,0.997,,,0.998,,,,,,0.994,,,,,,,,,,,,,,,,,,,,,,,,,,,,,,,,,,,,,,,,,,
CCC(C)COC(C)=O,0.979,,0.961,0.971,,0.925,,,0.947,,0.916,0.931,,,,,,,,,,,,0.892,,,,,,,,,,,,,,,,,,,,,,,,,,,,,,,,,,,,,,,0.903,0.896,,,,,,,,,,,,
CCCC(=O)C(C)CC,0.995,,0.983,0.99,,0.979,,,0.989,,0.978,0.987,,,,,,,,,,,,0.981,0.993,,,0.981,,,,,,,,,,,,,,,,,,,,,,,,,,,,,,,,,,,,,,,,,,,,,,,,
CC1=CC=CC=C1O,0.985,,0.939,0.966,,,,,0.957,,,0.955,,,,,,,,,,,,,0.971,0.97,0.959,0.937,0.945,,,,,,,,,,,,0.931,,,,,,,,,,,,,,,,,,,,,,,,,,,,,,,,,,,
CCC(C(C)CO)S,0.981,,0.958,0.971,,,0.937,,0.934,0.903,,,,,,,,,,,,,,0.927,0.927,,,,,,,,,,,,,,,0.92,0.931,,,,,,,,,,,,,,,,,,,,,,,,,,,,,,,,,,,
CCCCOC(C)=O,0.984,,0.961,0.974,,0.932,0.966,,0.958,,,0.937,,,,,,,,,,,,0.945,0.971,,,,,,,,0.934,,,,,,,,,,,,,,,,,,,,,,,,,,,,,,,,,,,,,,,,,,,
CCCC1=CC(=C(C=C1)O)OC,0.976,,0.934,0.954,,0.907,,,0.913,,,,,,,,,,,,,,,,,0.971,,,,,,,,,,,,,,,,,,,,,,,0.963,0.958,,,,,,,,,,,,,,,0.9,0.895,,,,,,,,,,
CC1CCOC(C1)C=C(C)C,,,,,,,,,,,,,0.676,0.652,0.577,0.657,,,0.546,0.533,,0.552,,,,,,,,,,,,,,,,,,,,,,,,,,,,,,,,,,,,,,,,,,,,,,,,,,,,,,
CCCCCCCC\C=C\C=O,0.956,,0.93,0.941,,,,,,,,,,,,,,,,,,,,,,,,,,,,,,0.839,,,0.942,,,,,,,,,,,,,,0.943,,,,0.934,0.945,,0.946,,0.949,,,,,,,0.934,,,,,,,,,
CCCC[C@H]1[C@@H](CC(=O)O1)C,0.975,0.817,0.943,0.963,,0.937,,,0.941,0.79,0.892,0.927,,,,,,,,,,,,,,,,,,,,,,,,,,,,,,,,,,,,,,,,,,,,,,,,,,,,,,,,,,,,,,,,
CCCCCCC\C=C/C=O,0.969,,0.919,0.944,,,,,0.908,,,0.9,,,,,,,,,,,,,0.903,0.945,0.885,,0.882,,,,,,,,,,,,,,,,,,,,,0.88,,,,,,,,,,,,,,,,,,,,,,,,,,
CCC\C=C\C=C\CCCO,0.992,,0.98,0.987,,0.968,,,0.978,,0.962,0.974,,,,,,,,,,,,0.962,0.969,,,,,,,,0.954,,,,,,,,,,,,,,,,,,,,,,,,,,,,,,,,,,,,,,,,,,,
COC1=C(C(=CC=C1)OC)O,0.936,,,0.723,,,,,0.726,,,,,,,,,,,,,,,,0.725,0.922,0.808,,0.702,,,,,,,,,,,,,,,,,,,,,,,,0.857,,,,,,,,,,,,,0.719,,0.824,,,,,,,,
CC1=CN=C(C(=N1)C)C=C,0.986,,0.968,0.966,,0.957,,,0.955,0.831,0.936,0.927,,,,,,,,,,,,0.805,,,,,,,,,,,,,,,,,,,,,,,,0.825,,,,,,,,,,,,,,,,,,,,,,,,,,,,
CCC1=NC(=CN=C1C=C)C,0.978,0.859,0.975,0.967,,0.932,0.904,,0.878,0.939,,,,,,,,,,0.836,,,,,,,,,,,,,,,,,,,,0.85,,,,,,,,,,,,,,,,,,,,,,,,,,,,,,,,,,,,
CCOC(=O)C1=CC=CC=C1,0.977,,0.924,0.952,,0.904,,,0.889,0.669,0.851,0.759,,,,,,,,,,,,0.689,,,,,,,,,,,,,,,,,,,,,,,0.724,,,,,,,,,,,,,,,,,,,,,,,,,,,,,
CCCCCCCCCC(=O)OCC,0.956,,0.88,0.917,,,,,0.894,,,0.896,,,,,,,,,,,,,0.916,0.928,0.883,,0.85,,,,,,,,,,,,,,,,,,,,,,,,0.881,,,,,,,,,,,,,,,,,,,,,,,
CCC(C)C(C(=O)OCC)O,,,0.574,0.533,,,,,,,,,0.63,0.837,0.527,0.693,,0.636,,,,,,,,,,,,,,,,,,,0.653,0.553,0.554,,,,,,,,,,,,,,,,,,,,,,,,,,,,,,,,,,,,,
CCOC(=O)CC1=CC=CC=C1,0.996,,0.987,0.992,,,,,0.985,,,,,,,,,,,,,,,0.981,0.993,0.986,0.983,,,,,,,,,,,,,,,,,,,,,,,0.986,,,,,0.981,,,,,,,,,,,,,,,,,,,,,
CSCC=C,0.981,0.988,0.979,0.96,0.945,0.961,,0.959,0.935,0.925,,,,,,,,,,,,,,,,,,,,,,0.937,,,,,0.877,0.878,,,,,,,,,,,,,,,,,,,,,,,,,,,,,,,,,,,,,,
CCOC1=C(C=CC(=C1)C=O)O,0.938,,0.967,0.933,,,,,,,,,0.912,0.941,,0.914,,0.925,,,,,,,,,,,,,,,,,,,,,,,,,,,,,,,,,,,,,,,,0.918,,,,,,,,,,,,,,,,,,
S,0.979,0.972,0.976,0.967,,0.955,,0.885,0.945,0.923,0.878,0.918,,,,,,,,,,,,,,,,,,,,,,,,,,,,,,,,,,,,,,,,,,,,,,,,,,,,,,,,,,,,,,,,
CC1=CCC(CC1)C(C)(C)S,0.609,,0.762,0.688,,,,,,,,,0.506,0.769,,0.542,,0.565,,,,,,,,,,,,,,,,,,,0.507,,,,,,,,,,,,,,,,,,,,,,,,,,,,,,,,,,,,0.615,,,
COC1=CC2=C(C=C1)C=CC(=O)O2,0.999,0.998,0.997,0.997,,0.997,,,0.998,,,0.998,,,,,,,,,,,,,0.998,,,0.998,,,,,,0.997,,,,,,,,,,,,,,,,,,,,,,,,,,,,,,,,,,,,,,,,,,
CC1=CN=C(C(=N1)C)OC,0.985,,0.948,0.972,,0.943,,,0.969,,0.94,0.968,,,,,,,,,,,,,0.937,,,0.949,,,0.929,,,,,,,,,,,,,,,,,,,,,,,,,,,,,,,,,,,,,,,,,,,,,
COCCC(C)(C)S,0.989,,0.971,0.98,,0.95,,,0.972,,0.948,0.969,,,,,,,,,,,,0.957,0.974,,,,,,,,0.949,,,,,,,,,,,,,,,,,,,,,,,,,,,,,,,,,,,,,,,,,,,
CCC(C)C(O)C(O)=O,,,,,,,,,,,,,0.945,0.981,0.917,0.946,,0.958,0.882,,,,,,,,,,,,,,,,,,0.952,0.866,0.925,,,,,,,,0.917,,,,,,,,,,,,,,,,,,,,,,,,,,,,,
COC(=O)C1=CC=CC=C1,0.995,,0.981,0.988,,,,,0.986,,,0.983,,,,,,,,,,,,0.979,0.993,,0.981,0.979,0.979,,,,,,,,,,,,,,,,,,,,,,,,,,,,,,,,,,,,,,,,,,,,,,,
COC(=O)C(C)C,0.988,0.949,0.967,0.982,,0.954,0.963,,0.972,,,0.959,,,,,,,,,,,,0.948,0.938,,,,,,,,,,,,,,,,,,,,,,,,,,,,,,,,,,,,,,,,,,,,,,,,,,,
CCCC[C@@H](C)CCC([O-])=O,,0.944,0.834,,0.777,,0.69,0.95,,,,,,,,,,,,,,,,,,,,,,,,0.927,,,,0.89,,,,,,,,,,,,,,,,,,,,,0.828,,,,,,,,,,,,,0.852,0.683,,,,,
CC1=CC(=CC=C1)O,0.984,,0.958,0.977,,,0.96,,0.971,,,0.974,,,,,,,,,,,,0.965,0.972,,,0.962,,0.959,0.957,,,,,,,,,,,,,,,,,,,,,,,,,,,,,,,,,,,,,,,,,,,,,
CC(=CS)C,0.993,,0.985,0.988,,0.97,0.958,,0.975,0.955,0.957,0.956,,,,,,,,,,,,,,,,,,,,,,,,,,,,,,,,,,,,,,,,,,,,,,,,,,,,,,,,,,,,,,,,
CSCC=C,0.981,0.988,0.979,0.96,0.945,0.961,,0.959,0.935,0.925,,,,,,,,,,,,,,,,,,,,,,0.937,,,,,,,,,,,,,,,,,,,,,,,,,,,,,,,,,,,,,,,,,,,,
CCCCCCCC(C)=O,0.988,,0.965,0.979,,,,,0.96,,,,,,,,,,,,,,,0.945,0.975,0.963,0.952,,,,,,,,,,,,,,,,,,,,,,,0.963,0.943,,,,,,,,,,,,,,,,,,,,,,,,,
CCCC1CCCC(=O)O1,0.963,,0.867,0.929,,,,,0.898,,,0.883,,,,,,,,,,,,,0.94,0.921,0.896,,,,,,,,,,,,,,,,,,,,,,,0.87,,,0.902,,,,,,,,,,,,,,,,,,,,,,,
C1=CC=C(C=C1)CCC(=O)O,,,,,,,,,,,,,0.85,0.697,0.834,0.688,0.857,,0.693,0.652,0.712,0.677,,,,,,,,,,,,,,,,,,,,,,,,,,,,,,,,,,,,,,,,,,,,,,,,,,,,,0.645,
CC(=O)OC/C=C/C1=CC=CC=C1,0.98,0.93,0.984,0.965,,0.945,,,,0.953,,,,,,,,,,0.934,,,,,,,,,,,,,,,,,,0.934,,0.963,,,,,,,,,,,,,,,,,,0.961,,,,,,,,,,,,,,,,,,
C1OC2=C(O1)C=C(C=C2)C=O,0.833,0.836,0.839,0.861,,,0.792,0.783,,,,,,0.74,,,,,,,,,,,,,,,,,,0.81,,,,,,,,,,0.694, ,,,,,,,,,,,,,,,,,,,,,,,,,,,0.782,,,,,,
CCCOC(=O)[C@@H](C)CC,0.985,,0.592,0.98,,,0.975,,0.959,,,,,,,,,,,,,,,0.96,0.991,0.969,0.967,,,,,,,,,,,,,,,,0.959,,,,,,,,,,,,,,,,,,,,,,,,,,,,,,,,,0.958
CC(C)[C@@]12CCC(=C)[C@@H]1C2,,,,,,,,,,,,,0.76,0.892,0.683,0.732,,0.726,0.617,0.677,,,,,,,,,,,,,,,,,,0.579,0.574,,,,,,,,,,,,,,,,,,,,,,,,,,,,,,,,,,,,,
CC(C)[C@]12CCC(=C)[C@H]1C2,,,,,,,,0.534,,,,,,,,,,,,,,,,,,,,,,,,,,,0.582,,,,0.775,,,,,,,,,,,,,,,,,,,,,,,,,,,,,,,,,,,,,
CC[C@@H](C)C(=O)CC,0.928,,0.835,0.897,,0.796,,,0.831,,,,,,,,,,,,,,,,0.812,,,,,0.795,,,0.902,,,,,,,,,,,,,,,,0.849,0.822,,,,,,,,,,,,,,,,,,,,,,,,,,
CC1=CC[C@@H](CC1)C(C)(C)O,0.993,,0.991,0.989,,,,,0.984,,0.978,0.985,,,,,,,,,,,,0.98,,,,,,,,,0.977,,,,,,,,,,,,,,,,, ,0.977,,,,,,,0.979,,,,,,,,,,,,,,,,,,
C1=CSC(=C1)CS,0.845,0.974,0.848,0.818,0.889,0.815,,0.932,,,,,,,,,,,,,,,,,,,,,,,,0.942,,,,0.793,,,,,,,,,,,,,,,,,,,,,0.826,,,,,,,,,,,,,,,,,,,
C1=CC=C2C(=C1)C=CC(=O)O2,0.985,0.955,0.976,0.983,,0.951,0.968,,0.957,0.942,,0.921,,,,,,,,,,,,0.93,,,,,,,,,,,,,,,,,,,,,,,,,,,,,,,,,,,,,,,,,,,,,,,,,,,,
CC1=CC(OC1=O)(C)C,0.976,,,0.953,,,,,0.939,,,0.937,,,,,,,,,,,,,0.976,0.944,0.949,0.941,0.939,0.921,,,,,,,,,,,,,,,,,,,,,,,,,,,,,,,,,,,,,,,,,,,,,,
C/C=C/CC/C=C/C=C/C=C,0.958,,0.957,0.951,,0.88,,,,0.875,,,,,,,,,,,,,,,,,,,,,,,,,,,,0.887,,,,,,,,,,,,,0.932,,,,0.864,0.907,,0.932,,,,,,,,,,,,,,,,,,
CC(C)C1=CC=C(C=C1)C=O,0.841,,0.93,,,,,,,,,,0.824,,,,,0.822,,0.95,,,,,,,,,,,,,,,,,,0.932,,0.955,0.884,,,,,,,,,,,,,,,,,0.866,,,,,,,,,,,,,,,,0.806,,
CS[S](C)=O,0.962,0.909,0.952,0.929,,0.912,,0.663,0.876,0.779,0.714,0.811,,,,,,,,,,,,,,,,,,,,,,,,,,,,,,,,,,,,,,,,,,,,,,,,,,,,,,,,,,,,,,,,
C/C=C/C(=O)C1=C(C)CCCC1(C)C,,,,,,,,,,,,,0.762,0.91,0.706,0.762,0.702,0.693,0.677,0.711,,,,,,,,,,,,,,,,,,,0.785,,,,,,,,0.686,,,,,,,,,,,,,,,,,,,,,,,,,,,,,
C=CCS[S](=O)CC=C,0.958,0.609,0.902,0.924,,0.909,,,0.873,0.705,0.764,0.788,,,,,,,,,,,,0.551,,,,,,,,0.937,,,,,,,,,,,,,,,,,,,,,,,,,,,,,,,,,,,,,,,,,,,,
CSSC,0.756,0.974,0.85,0.636,0.823,0.683,,0.95,,,,,,,,,,,,,,,,,,,,,,,,,,,,0.86,,,,,,,,,,,,,,,,,,,,,0.862,,,,,,,,,,,,,,,,,,,
CC1=CC(=C(C=C1)O)C,0.991,,0.976,0.986,,0.967,,,0.981,,0.962,0.979,,,,,,,,,,,,0.962,0.96,,,0.958,,,,,,,,,,,,,,,,,,,,,,,,,,,,,,,,,,,,,,,,,,,,,,,,
CC1=C(C(=CC=C1)C)O,0.5,0.718,0.68,,,,,0.687,,,,,,,,,,,,,,,,,,,,,,,,,,,,,,,,,,,,,,,,,,,,,,,,,,,,,,,,,,,,,,,,,,,,
CCCSSCCC,0.992,,0.98,0.986,,0.964,,,0.979,,0.961,0.975,,,,,,,,,,,,0.966,0.974,,,,,,,,0.961,,,,,,,,,,,,,,,,,,,,,,,,,,,,,,,,,,,,,,,,,,,
CCOC(=O)CCC(C)C,0.993,,0.984,0.989,,0.972,0.957,,0.981,,0.964,0.973,,,,,,,,,,,,0.967,,,,,,,,,0.954,,,,,,,,,,,,,,,,,,,,,,,,,,,,,,,,,,,,,,,,,,,
CCOC(=O)CCSC,0.988,0.96,0.979,0.985,,0.958,0.969,,0.965,0.947,,0.946,,,,,,,,,,,,0.947,,,,,,,,,,,,,,,,,,,,,,,,,,,,,,,,,,,,,,,,,,,,,,,,,,,,
CCCC[C@@H](CC)CCC([O-])=O,0.957,0.996,0.963,0.923,0.986,0.954,,0.993,,,,,,,,,,,,,,,,,,,,,,,,0.992,,,,0.975,,,,,,,,,,,,,,,,,,,,,0.987,,,,,,,,,,,,,,,,,,,
COC1=C(C=C(C=C1)CC=C)OC,0.998,0.995,0.994,0.996,,,,,0.996,,,0.997,,,,,,,,,,,,,0.997,,,0.998,,,,,,0.994,,,,,,,,,,,,,,,,,,,,,,,,,,,,,,,,,,,,,,,,,,
